{
  "project_info": {
    "project_number": "88650253371",
    "firebase_url": "https://monitoring-detak-jantung-8a527-default-rtdb.asia-southeast1.firebasedatabase.app",
    "project_id": "monitoring-detak-jantung-8a527",
    "storage_bucket": "monitoring-detak-jantung-8a527.appspot.com"
  },
  "client": [
    {
      "client_info": {
        "mobilesdk_app_id": "1:88650253371:android:489c3f0d33f51ed3b4c81e",
        "android_client_info": {
          "package_name": "com.example.heart_rate"
        }
      },
      "oauth_client": [],
      "api_key": [
        {
          "current_key": "AIzaSyB1lAobHcuYXjPcn4WhaQ2w1OsyURJllX0"
        }
      ],
      "services": {
        "appinvite_service": {
          "other_platform_oauth_client": []
        }
      }
    }
  ],
  "configuration_version": "1"
}